epoch,train_loss,token_f1_micro,token_f1_macro,cls_f1_micro,cls_f1_macro
3,0.8250362835031875,0.8533333333333334,0.3374769060769983,0.8175627240143369,0.18572735365766016
4,0.8521254430425927,0.8578947368421053,0.3400790535426605,0.8189964157706093,0.187219770544782
